{
  "version": "1.0.0",
  "updated": "2025-12-25",
  "state": "CO",
  "trade": "hvac",
  "metros": [
    {
      "id": "denver-metro",
      "name": "Denver Metro",
      "file": "denver-metro.json"
    },
    {
      "id": "colorado-springs-metro",
      "name": "Colorado Springs Metro",
      "file": "colorado-springs-metro.json"
    },
    {
      "id": "front-range-north",
      "name": "Front Range North (Fort Collins / Loveland / Greeley)",
      "file": "front-range-north.json"
    },
    {
      "id": "pueblo-south",
      "name": "Pueblo / South Colorado",
      "file": "pueblo-south.json"
    },
    {
      "id": "western-slope",
      "name": "Western Slope",
      "file": "us/co/hvac/western-slope.json"
    },
    {
      "id": "eastern-plains",
      "name": "Eastern Plains",
      "file": "us/co/hvac/eastern-plains.json"
    }
  ]
}