{
  "version": "1.1",
  "metro": "Colorado Springs",
  "state": "CO",
  "updated": "2025-12-25T23:59:00Z",
  "branches": [
    {
      "id": "co-cos-comfortair-001",
      "name": "Comfort Air Distributing – Colorado Springs",
      "chain": "Comfort Air Distributing",
      "address1": "3275 N El Paso St",
      "city": "Colorado Springs",
      "state": "CO",
      "zip": "80907",
      "phone": "+17194738000",
      "lat": 38.8754,
      "lon": -104.8272,
      "tags": [
        "hvac",
        "equipment",
        "parts"
      ]
    },
    {
      "id": "co-cos-johnstone-001",
      "name": "Johnstone Supply – Colorado Springs",
      "chain": "Johnstone Supply",
      "address1": "3320 N El Paso St",
      "city": "Colorado Springs",
      "state": "CO",
      "zip": "80907",
      "phone": "+17196350000",
      "lat": 38.876,
      "lon": -104.8268,
      "tags": [
        "hvac",
        "equipment",
        "parts"
      ]
    },
    {
      "id": "co-cos-lennoxstores-001",
      "name": "Lennox Stores – Colorado Springs",
      "chain": "Lennox Stores",
      "address1": "5850 Tutt Blvd",
      "city": "Colorado Springs",
      "state": "CO",
      "zip": "80923",
      "phone": "+17195916000",
      "lat": 38.9148,
      "lon": -104.7236,
      "tags": [
        "hvac",
        "equipment",
        "parts"
      ]
    },
    {
      "id": "co-cos-winsupply-001",
      "name": "WinSupply HVAC – Colorado Springs",
      "chain": "WinSupply HVAC",
      "address1": "2555 S Circle Dr",
      "city": "Colorado Springs",
      "state": "CO",
      "zip": "80906",
      "phone": "+17195790000",
      "lat": 38.7935,
      "lon": -104.7749,
      "tags": [
        "hvac",
        "equipment",
        "parts"
      ]
    },
    {
      "id": "co-cos-sidharvey-001",
      "name": "Sid Harvey – Colorado Springs",
      "chain": "Sid Harvey",
      "address1": "901 Motor City Dr",
      "city": "Colorado Springs",
      "state": "CO",
      "zip": "80905",
      "phone": "+17196335000",
      "lat": 38.8122,
      "lon": -104.8244,
      "tags": [
        "hvac",
        "equipment",
        "parts"
      ]
    },
    {
      "id": "co-cos-ct-supply-001",
      "name": "CT Supply – Colorado Springs",
      "chain": "CT Supply",
      "address1": "6260 Omaha Blvd",
      "city": "Colorado Springs",
      "state": "CO",
      "zip": "80915",
      "phone": "+17199419930",
      "lat": 38.85408,
      "lon": -104.71139,
      "brandsRep": [
        "HVAC wholesale"
      ],
      "partsFor": [
        "HVAC equipment",
        "HVAC parts",
        "Tools"
      ],
      "tags": [
        "hvac",
        "wholesale"
      ],
      "latLonSource": "MapQuest address page (6260 Omaha Blvd)",
      "latLonVerifiedAt": "2025-12-25",
      "latLonVerified": true
    },
    {
      "id": "co-cos-hercules-001",
      "name": "Hercules Industries – Colorado Springs",
      "chain": "Hercules Industries",
      "address1": "1383 Vapor Trl",
      "city": "Colorado Springs",
      "state": "CO",
      "zip": "80916",
      "phone": "+17195743231",
      "lat": 38.80057,
      "lon": -104.72562,
      "brandsRep": [
        "Sheet metal",
        "HVAC equipment",
        "Tools"
      ],
      "partsFor": [
        "HVAC sheet metal",
        "HVAC supplies",
        "Tools"
      ],
      "tags": [
        "hvac",
        "sheet-metal",
        "wholesale"
      ],
      "latLonVerified": false,
      "latLonNeedsPrecise": true,
      "latLonSource": "MapQuest business listing (address verified; coords pending precise geocode)",
      "latLonVerifiedAt": "2025-12-25",
      "verification": {
        "coords_verified": "2025-12-26"
      }
    },
    {
      "id": "co-colorado-springs-united-refrigeration-1",
      "name": "United Refrigeration Inc (Branch 408)",
      "chain": "United Refrigeration",
      "address1": "772 Clark Pl",
      "city": "Colorado Springs",
      "state": "CO",
      "zip": "80915",
      "phone": "+17196356700",
      "lat": null,
      "lon": null,
      "brandsRep": [
        "United Refrigeration"
      ],
      "partsFor": [
        "HVAC"
      ],
      "tags": [
        "hvac",
        "refrigeration",
        "wholesale"
      ],
      "website": "https://www.uri.com/",
      "sources": [
        "https://www.uri.com/locations/Branch/408"
      ]
    },
    {
      "id": "co-colorado-springs-blazer-electric-supply-1",
      "name": "Blazer Electric Supply",
      "chain": "Blazer Electric Supply",
      "address1": "6125 Omaha Blvd",
      "city": "Colorado Springs",
      "state": "CO",
      "zip": "80915",
      "phone": "+17195961333",
      "lat": null,
      "lon": null,
      "brandsRep": [
        "Blazer Electric Supply"
      ],
      "partsFor": [
        "Electrical"
      ],
      "tags": [
        "electrical",
        "wholesale"
      ],
      "website": "https://www.buyblazer.com/",
      "sources": [
        "https://www.buyblazer.com/"
      ]
    },
    {
      "id": "co-cos-graybar-001",
      "name": "Graybar (Colorado Springs)",
      "chain": "Graybar",
      "address1": "4635 Galley Rd",
      "city": "Colorado Springs",
      "state": "CO",
      "zip": "80915",
      "phone": "719-380-4500",
      "lat": 38.84663,
      "lon": -104.74123,
      "tags": [
        "electrical"
      ]
    },
    {
      "id": "co-cos-city-electric-001",
      "name": "City Electric Supply (Colorado Springs - Northpark)",
      "chain": "City Electric Supply",
      "address1": "4626 Northpark Dr",
      "city": "Colorado Springs",
      "state": "CO",
      "zip": "80918",
      "phone": "719-895-1400",
      "lat": 38.89877,
      "lon": -104.82783,
      "tags": [
        "electrical"
      ]
    },
    {
      "id": "co-cos-city-electric-002",
      "name": "City Electric Supply (Colorado Springs - Woolsey Hts)",
      "chain": "City Electric Supply",
      "address1": "1478 Woolsey Hts",
      "city": "Colorado Springs",
      "state": "CO",
      "zip": "80915",
      "phone": "",
      "lat": 38.85057,
      "lon": -104.68583,
      "tags": [
        "electrical"
      ]
    },
    {
      "id": "co-cos-ferguson-002",
      "name": "Ferguson Plumbing Supply (Colorado Springs - Northpark)",
      "chain": "Ferguson",
      "address1": "4875 Northpark Dr",
      "city": "Colorado Springs",
      "state": "CO",
      "zip": "80918",
      "phone": "719-260-9446",
      "lat": 38.90178,
      "lon": -104.82659,
      "tags": [
        "plumbing"
      ]
    }
  ]
}
