{
  "version": "1.91",
  "updated": "2025-12-25",
  "state": "CO",
  "metros": [
    {
      "id": "denver-metro",
      "name": "Denver Metro",
      "file": "us/co/denver-metro.json",
      "center": {
        "lat": 39.7392,
        "lon": -104.9903
      }
    },
    {
      "id": "boulder-metro",
      "name": "Boulder / Broomfield / Longmont",
      "file": "us/co/boulder-metro.json"
    },
    {
      "id": "colorado-springs-metro",
      "name": "Colorado Springs",
      "file": "us/co/colorado-springs-metro.json"
    },
    {
      "id": "front-range-north",
      "name": "Front Range North (Fort Collins / Loveland / Greeley)",
      "file": "us/co/front-range-north.json"
    },
    {
      "id": "pueblo-south",
      "name": "Pueblo / South Colorado",
      "file": "us/co/pueblo-south.json"
    },
    {
      "id": "western-slope",
      "name": "Western Slope",
      "file": "us/co/western-slope.json"
    },
    {
      "id": "eastern-plains",
      "name": "Eastern Plains",
      "file": "us/co/eastern-plains.json"
    }
  ],
  "trades": {
    "plumbing": {
      "path": "plumbing/index.json"
    },
    "electrical": {
      "path": "electrical/index.json"
    },
    "hvac": {
      "path": "hvac/index.json"
    }
  }
}
